<?xml version="1.0" encoding ="utf-8"?>
<swc xmlns="http://www.adobe.com/flash/swccatalog/9">
  <versions>
    <swc version="1.2" />
    <flex version="4.6.0" build="23201" minimumSupportedVersion="3.0.0" />
  </versions>
  <features>
    <feature-script-deps />
    <feature-files />
  </features>
  <libraries>
    <library path="library.swf">
      <script name="_fe316f860f4e166322bf79ab2dc65f91439a9b7e5e538ee2b686f6b5ad9693e1_flash_display_Sprite" mod="1425667152247" signatureChecksum="3199498971" >
        <def id="_fe316f860f4e166322bf79ab2dc65f91439a9b7e5e538ee2b686f6b5ad9693e1_flash_display_Sprite" /> 
        <dep id="flash.system:Security" type="e" /> 
        <dep id="AS3" type="n" /> 
        <dep id="flash.display:Sprite" type="i" /> 
      </script>
      <script name="com/vispar/extension/Chatroom" mod="1425667151000" signatureChecksum="487410079" >
        <def id="com.vispar.extension:Chatroom" /> 
        <dep id="flash.external:ExtensionContext" type="e" /> 
        <dep id="flash.external:ExtensionContext" type="s" /> 
        <dep id="AS3" type="n" /> 
        <dep id="flash.events:EventDispatcher" type="i" /> 
      </script>
      <digests>
        <digest type="SHA-256" signed="false" value="3f1c702d07e6c6a5ca1fa3b08913e46255dafa1eeda137607657efb0e332cbee"   />
      </digests>
    </library>
  </libraries>
  <files>
  </files>
</swc>
